method,method_label,coverage,risk,ci_lower,ci_upper,accepted_mass,boundary_score,boundary_tie_count,boundary_fraction
bm25,BM25 top-1,0.1,0.6451612903225806,0.5161290322580645,0.8387096774193549,31.0,190.04748910899866,1,1.0
logistic,Logística,0.1,0.3225806451612903,0.16129032258064516,0.5161290322580645,31.0,0.7839277151521592,1,1.0
rrf,RRF top-1,0.1,0.45283018867924524,0.3616873522458629,0.5464071724381002,31.0,0.03278688524590164,106,0.29245283018867924
semantic,Semântico top-1,0.1,0.5161290322580645,0.3225806451612903,0.6774193548387096,31.0,0.92649906873703,1,1.0
bm25,BM25 top-1,0.2,0.6612903225806451,0.5483870967741935,0.7903225806451613,62.0,146.48275856822582,1,1.0
logistic,Logística,0.2,0.3548387096774194,0.25806451612903225,0.5,62.0,0.6567701821755302,1,1.0
rrf,RRF top-1,0.2,0.45283018867924524,0.3616873522458629,0.5464071724381002,62.0,0.03278688524590164,106,0.5849056603773585
semantic,Semântico top-1,0.2,0.5,0.3709677419354839,0.6290322580645161,62.0,0.8913244605064392,1,1.0
bm25,BM25 top-1,0.4,0.6612903225806451,0.5806451612903226,0.75,124.0,112.41229644493261,1,1.0
logistic,Logística,0.4,0.45161290322580644,0.3467741935483871,0.5483870967741935,124.0,0.4425869758859372,1,1.0
rrf,RRF top-1,0.4,0.4786600496277916,0.39336613814470567,0.5625414094426572,124.0,0.03252247488101534,65,0.27692307692307694
semantic,Semântico top-1,0.4,0.5645161290322581,0.47580645161290325,0.6532258064516129,124.0,0.8535441756248474,1,1.0
bm25,BM25 top-1,0.6,0.6397849462365591,0.5806451612903226,0.7204301075268817,186.0,89.13327815426989,1,1.0
logistic,Logística,0.6,0.5376344086021505,0.46236559139784944,0.6182795698924731,186.0,0.30302315365452354,1,1.0
rrf,RRF top-1,0.6,0.5334799608993157,0.45761938646426314,0.607532991202346,186.0,0.032266458495966696,22,0.6818181818181818
semantic,Semântico top-1,0.6,0.6075268817204301,0.5321236559139785,0.6774193548387096,186.0,0.8232095837593079,1,1.0
bm25,BM25 top-1,0.8,0.657258064516129,0.5967741935483871,0.7096774193548387,248.0,69.44810618061048,1,1.0
logistic,Logística,0.8,0.6008064516129032,0.532258064516129,0.6612903225806451,248.0,0.1780450360143629,1,1.0
rrf,RRF top-1,0.8,0.5973502304147466,0.532258064516129,0.6612903225806451,248.0,0.031544957774465976,7,0.42857142857142855
semantic,Semântico top-1,0.8,0.625,0.5685483870967742,0.6854838709677419,248.0,0.7805802822113037,1,1.0
bm25,BM25 top-1,1.0,0.6612903225806451,0.6064516129032258,0.7129032258064516,310.0,5.427938170023513,1,1.0
logistic,Logística,1.0,0.6612903225806451,0.6064516129032258,0.7129032258064516,310.0,0.026317241331779425,1,1.0
rrf,RRF top-1,1.0,0.6612903225806451,0.6064516129032258,0.7129032258064516,310.0,0.027432808155699723,1,1.0
semantic,Semântico top-1,1.0,0.6612903225806451,0.6064516129032258,0.7129032258064516,310.0,0.6710416078567505,1,1.0
