baseline,baseline_label,coverage,risk_reduction,ci_lower,ci_upper,probability_reduction_gt_zero
bm25,BM25 top-1,0.1,0.3225806451612903,0.12903225806451613,0.5806451612903225,0.999
rrf,RRF top-1,0.1,0.13024954351795492,-0.03162127791563276,0.28701167401848515,0.9415
semantic,Semântico top-1,0.1,0.1935483870967742,-0.03225806451612906,0.3870967741935484,0.9245
bm25,BM25 top-1,0.2,0.30645161290322576,0.16129032258064518,0.4354838709677419,1.0
rrf,RRF top-1,0.2,0.09799147900182587,-0.027102369980250167,0.18541666666666667,0.929
semantic,Semântico top-1,0.2,0.14516129032258063,0.0,0.2580645161290323,0.9665
bm25,BM25 top-1,0.4,0.2096774193548387,0.13709677419354838,0.30645161290322587,1.0
rrf,RRF top-1,0.4,0.027047146401985134,-0.02304147465437789,0.0894914600452115,0.8715
semantic,Semântico top-1,0.4,0.11290322580645168,0.040322580645161255,0.1935483870967742,0.9985
bm25,BM25 top-1,0.6,0.10215053763440862,0.053763440860215006,0.16129032258064513,1.0
rrf,RRF top-1,0.6,-0.004154447702834796,-0.043010752688172005,0.02867578307620387,0.3335
semantic,Semântico top-1,0.6,0.06989247311827962,0.016129032258064502,0.11290322580645162,0.995
bm25,BM25 top-1,0.8,0.056451612903225756,0.028225806451612878,0.08870967741935476,1.0
rrf,RRF top-1,0.8,-0.003456221198156695,-0.022730327468230675,0.020161290322580627,0.4145
semantic,Semântico top-1,0.8,0.024193548387096753,-0.0040322580645161255,0.05645161290322587,0.9605
bm25,BM25 top-1,1.0,0.0,0.0,0.0,0.0
rrf,RRF top-1,1.0,0.0,0.0,0.0,0.0
semantic,Semântico top-1,1.0,0.0,0.0,0.0,0.0
