query_id,scenario_id,scenario_type,label,probability,prediction,error_type
TRAIN_Q330,TRAIN_Q330__hybrid_k5,natural_sufficient,1,0.9466389899531426,1,correct
TRAIN_Q270,TRAIN_Q270__hybrid_k5,natural_sufficient,1,0.9236967890210888,1,correct
TRAIN_Q052,TRAIN_Q052__hybrid_k5,natural_sufficient,1,0.9213201375057753,1,correct
TRAIN_Q070,TRAIN_Q070__hybrid_k5,natural_sufficient,1,0.9192463358397586,1,correct
TRAIN_Q243,TRAIN_Q243__hybrid_k5,natural_sufficient,1,0.9117904815657831,1,correct
TRAIN_Q445,TRAIN_Q445__hybrid_k5,natural_sufficient,1,0.8940571105304352,1,correct
TRAIN_Q547,TRAIN_Q547__hybrid_k5,natural_sufficient,1,0.8858426283690848,1,correct
TRAIN_Q233,TRAIN_Q233__hybrid_k5,natural_sufficient,1,0.8841202940371796,1,correct
TRAIN_Q106,TRAIN_Q106__hybrid_k5,natural_sufficient,1,0.8675113121694025,1,correct
TRAIN_Q492,TRAIN_Q492__hybrid_k5,natural_sufficient,1,0.8663817340569129,1,correct
TRAIN_Q114,TRAIN_Q114__hybrid_k5,natural_sufficient,1,0.8351757172087664,1,correct
TRAIN_Q304,TRAIN_Q304__hybrid_k5,natural_sufficient,1,0.8297617963429972,1,correct
TRAIN_Q189,TRAIN_Q189__hybrid_k5,natural_sufficient,1,0.820486879627806,1,correct
TRAIN_Q595,TRAIN_Q595__hybrid_k5,natural_sufficient,1,0.8004036098759167,1,correct
TRAIN_Q380,TRAIN_Q380__hybrid_k5,natural_sufficient,1,0.795544095219719,1,correct
TRAIN_Q442,TRAIN_Q442__hybrid_k5,natural_sufficient,1,0.7917334935545528,1,correct
TRAIN_Q055,TRAIN_Q055__hybrid_k5,natural_sufficient,1,0.7677697171887468,1,correct
TRAIN_Q013,TRAIN_Q013__hybrid_k5,natural_sufficient,1,0.7447131916357848,1,correct
TRAIN_Q376,TRAIN_Q376__hybrid_k5,natural_sufficient,1,0.7425518475575988,1,correct
TRAIN_Q132,TRAIN_Q132__hybrid_k5,natural_sufficient,1,0.7309070906513128,1,correct
TRAIN_Q193,TRAIN_Q193__hybrid_k5,natural_sufficient,1,0.7119316097687248,1,correct
TRAIN_Q226,TRAIN_Q226__hybrid_k5,natural_sufficient,1,0.7114430534060959,1,correct
TRAIN_Q426,TRAIN_Q426__hybrid_k5,natural_sufficient,1,0.698042160352148,1,correct
TRAIN_Q223,TRAIN_Q223__hybrid_k5,natural_sufficient,1,0.6861484579650349,1,correct
TRAIN_Q379,TRAIN_Q379__hybrid_k5,natural_sufficient,1,0.6681756330647483,1,correct
TRAIN_Q559,TRAIN_Q559__hybrid_k5,natural_sufficient,1,0.6628941917884418,1,correct
TRAIN_Q389,TRAIN_Q389__hybrid_k5,natural_sufficient,1,0.6512157588811928,1,correct
TRAIN_Q217,TRAIN_Q217__hybrid_k5,natural_sufficient,1,0.6422059332723279,1,correct
TRAIN_Q361,TRAIN_Q361__hybrid_k5,natural_sufficient,1,0.59707996010782,1,correct
TRAIN_Q388,TRAIN_Q388__hybrid_k5,natural_sufficient,1,0.5829501010579419,1,correct
TRAIN_Q336,TRAIN_Q336__hybrid_k5,natural_sufficient,1,0.5783668719682572,1,correct
TRAIN_Q446,TRAIN_Q446__hybrid_k5,natural_sufficient,1,0.4883009367427123,1,correct
TRAIN_Q310,TRAIN_Q310__hybrid_k5,natural_sufficient,1,0.4672938636030693,1,correct
TRAIN_Q564,TRAIN_Q564__hybrid_k5,natural_sufficient,1,0.4667576093982728,1,correct
TRAIN_Q546,TRAIN_Q546__hybrid_k5,natural_sufficient,1,0.46559341613525546,1,correct
TRAIN_Q010,TRAIN_Q010__hybrid_k5,natural_sufficient,1,0.4563965120661262,1,correct
TRAIN_Q557,TRAIN_Q557__hybrid_k5,natural_sufficient,1,0.443952033043542,1,correct
TRAIN_Q382,TRAIN_Q382__hybrid_k5,natural_sufficient,1,0.42909763129981116,1,correct
TRAIN_Q512,TRAIN_Q512__hybrid_k5,natural_retrieval_miss,0,0.4222485478626061,0,correct
TRAIN_Q082,TRAIN_Q082__hybrid_k5,natural_retrieval_miss,0,0.42210486501313316,0,correct
TRAIN_Q421,TRAIN_Q421__hybrid_k5,natural_retrieval_miss,0,0.41924822047446636,0,correct
TRAIN_Q317,TRAIN_Q317__hybrid_k5,native_unanswerable,0,0.4190744759945302,0,correct
TRAIN_Q588,TRAIN_Q588__hybrid_k5,natural_retrieval_miss,0,0.4145763367919765,0,correct
TRAIN_Q175,TRAIN_Q175__hybrid_k5,native_unanswerable,0,0.4138131831979334,0,correct
TRAIN_Q343,TRAIN_Q343__hybrid_k5,natural_retrieval_miss,0,0.4054350719563296,0,correct
TRAIN_Q464,TRAIN_Q464__hybrid_k5,native_unanswerable,0,0.3969782009836449,0,correct
TRAIN_Q184,TRAIN_Q184__hybrid_k5,natural_retrieval_miss,0,0.39307241612160415,0,correct
TRAIN_Q435,TRAIN_Q435__hybrid_k5,native_unanswerable,0,0.3860262284617835,0,correct
TRAIN_Q280,TRAIN_Q280__hybrid_k5,natural_retrieval_miss,0,0.385521192846018,0,correct
TRAIN_Q497,TRAIN_Q497__hybrid_k5,natural_retrieval_miss,0,0.3842010381244731,0,correct
TRAIN_Q025,TRAIN_Q025__hybrid_k5,native_unanswerable,0,0.3623619496450337,0,correct
TRAIN_Q550,TRAIN_Q550__hybrid_k5,natural_retrieval_miss,0,0.3551896819827151,0,correct
TRAIN_Q128,TRAIN_Q128__hybrid_k5,natural_retrieval_miss,0,0.35141656307705327,0,correct
TRAIN_Q407,TRAIN_Q407__hybrid_k5,native_unanswerable,0,0.3451404831142568,0,correct
TRAIN_Q507,TRAIN_Q507__hybrid_k5,natural_retrieval_miss,0,0.33959742101516693,0,correct
TRAIN_Q468,TRAIN_Q468__hybrid_k5,native_unanswerable,0,0.3388753358918928,0,correct
TRAIN_Q095,TRAIN_Q095__hybrid_k5,native_unanswerable,0,0.3365742394534577,0,correct
TRAIN_Q009,TRAIN_Q009__hybrid_k5,natural_retrieval_miss,0,0.3314605569839046,0,correct
TRAIN_Q116,TRAIN_Q116__hybrid_k5,natural_retrieval_miss,0,0.32217187977071976,0,correct
TRAIN_Q096,TRAIN_Q096__hybrid_k5,native_unanswerable,0,0.32129828275124195,0,correct
TRAIN_Q594,TRAIN_Q594__hybrid_k5,native_unanswerable,0,0.31738631378078563,0,correct
TRAIN_Q054,TRAIN_Q054__hybrid_k5,natural_retrieval_miss,0,0.31548917230081824,0,correct
TRAIN_Q286,TRAIN_Q286__hybrid_k5,natural_retrieval_miss,0,0.3144247194808629,0,correct
TRAIN_Q344,TRAIN_Q344__hybrid_k5,native_unanswerable,0,0.3079111140153451,0,correct
TRAIN_Q254,TRAIN_Q254__hybrid_k5,natural_retrieval_miss,0,0.28676497447717497,0,correct
TRAIN_Q246,TRAIN_Q246__hybrid_k5,native_unanswerable,0,0.2852097227653945,0,correct
TRAIN_Q141,TRAIN_Q141__hybrid_k5,natural_retrieval_miss,0,0.2741788653148046,0,correct
TRAIN_Q516,TRAIN_Q516__hybrid_k5,natural_retrieval_miss,0,0.2729491531211615,0,correct
TRAIN_Q373,TRAIN_Q373__hybrid_k5,natural_retrieval_miss,0,0.2729491528252299,0,correct
TRAIN_Q352,TRAIN_Q352__hybrid_k5,natural_retrieval_miss,0,0.2686081258283763,0,correct
TRAIN_Q405,TRAIN_Q405__hybrid_k5,native_unanswerable,0,0.26428210724610235,0,correct
TRAIN_Q534,TRAIN_Q534__hybrid_k5,native_unanswerable,0,0.2538780464365042,0,correct
TRAIN_Q476,TRAIN_Q476__hybrid_k5,native_unanswerable,0,0.25244678350818717,0,correct
TRAIN_Q177,TRAIN_Q177__hybrid_k5,native_unanswerable,0,0.2397615598074094,0,correct
TRAIN_Q543,TRAIN_Q543__hybrid_k5,natural_retrieval_miss,0,0.23932050096188118,0,correct
TRAIN_Q049,TRAIN_Q049__hybrid_k5,natural_retrieval_miss,0,0.23851507923206283,0,correct
TRAIN_Q012,TRAIN_Q012__hybrid_k5,natural_retrieval_miss,0,0.2350829933550247,0,correct
TRAIN_Q253,TRAIN_Q253__hybrid_k5,native_unanswerable,0,0.21573425160700424,0,correct
TRAIN_Q156,TRAIN_Q156__hybrid_k5,native_unanswerable,0,0.2157164853305944,0,correct
TRAIN_Q179,TRAIN_Q179__hybrid_k5,native_unanswerable,0,0.18942948956341782,0,correct
TRAIN_Q002,TRAIN_Q002__hybrid_k5,native_unanswerable,0,0.17570968350850327,0,correct
TRAIN_Q420,TRAIN_Q420__hybrid_k5,native_unanswerable,0,0.16732033696389684,0,correct
TRAIN_Q288,TRAIN_Q288__hybrid_k5,natural_retrieval_miss,0,0.15968034678233717,0,correct
TRAIN_Q007,TRAIN_Q007__hybrid_k5,natural_retrieval_miss,0,0.1368796302857854,0,correct
TRAIN_Q328,TRAIN_Q328__hybrid_k5,natural_retrieval_miss,0,0.13607257695745129,0,correct
TRAIN_Q305,TRAIN_Q305__hybrid_k5,natural_retrieval_miss,0,0.13037767271200099,0,correct
TRAIN_Q438,TRAIN_Q438__hybrid_k5,natural_retrieval_miss,0,0.13034096929172836,0,correct
TRAIN_Q161,TRAIN_Q161__hybrid_k5,natural_retrieval_miss,0,0.10888483848630402,0,correct
TRAIN_Q562,TRAIN_Q562__hybrid_k5,natural_retrieval_miss,0,0.10333749344190676,0,correct
TRAIN_Q481,TRAIN_Q481__hybrid_k5,native_unanswerable,0,0.10017469948028765,0,correct
TRAIN_Q385,TRAIN_Q385__hybrid_k5,native_unanswerable,0,0.0954234500925171,0,correct
TRAIN_Q034,TRAIN_Q034__hybrid_k5,natural_retrieval_miss,0,0.09519072719547081,0,correct
TRAIN_Q335,TRAIN_Q335__hybrid_k5,native_unanswerable,0,0.08072695821935458,0,correct
TRAIN_Q272,TRAIN_Q272__hybrid_k5,natural_retrieval_miss,0,0.07015873385361249,0,correct
TRAIN_Q491,TRAIN_Q491__hybrid_k5,native_unanswerable,0,0.06591298726564282,0,correct
TRAIN_Q257,TRAIN_Q257__hybrid_k5,native_unanswerable,0,0.06077177875910832,0,correct
TRAIN_Q589,TRAIN_Q589__hybrid_k5,natural_retrieval_miss,0,0.059080987763270226,0,correct
TRAIN_Q074,TRAIN_Q074__hybrid_k5,native_unanswerable,0,0.05687753577083915,0,correct
TRAIN_Q237,TRAIN_Q237__hybrid_k5,natural_retrieval_miss,0,0.050045631255869465,0,correct
TRAIN_Q319,TRAIN_Q319__hybrid_k5,natural_retrieval_miss,0,0.04330572318266004,0,correct
TRAIN_Q094,TRAIN_Q094__hybrid_k5,native_unanswerable,0,0.033332213830201136,0,correct
TRAIN_Q414,TRAIN_Q414__hybrid_k5,natural_sufficient,1,0.4153429012338884,0,false_negative
TRAIN_Q256,TRAIN_Q256__hybrid_k5,natural_sufficient,1,0.3687992241081817,0,false_negative
TRAIN_Q592,TRAIN_Q592__hybrid_k5,natural_sufficient,1,0.34524821241086606,0,false_negative
TRAIN_Q171,TRAIN_Q171__hybrid_k5,natural_sufficient,1,0.3380631640031591,0,false_negative
TRAIN_Q541,TRAIN_Q541__hybrid_k5,natural_sufficient,1,0.286164242579957,0,false_negative
TRAIN_Q448,TRAIN_Q448__hybrid_k5,natural_sufficient,1,0.25482581230681833,0,false_negative
TRAIN_Q490,TRAIN_Q490__hybrid_k5,natural_sufficient,1,0.22280174699421432,0,false_negative
TRAIN_Q029,TRAIN_Q029__hybrid_k5,natural_sufficient,1,0.12589195613612988,0,false_negative
TRAIN_Q431,TRAIN_Q431__hybrid_k5,natural_sufficient,1,0.11835666539656219,0,false_negative
TRAIN_Q219,TRAIN_Q219__hybrid_k5,natural_retrieval_miss,0,0.9709451803515987,1,false_positive
TRAIN_Q201,TRAIN_Q201__hybrid_k5,natural_retrieval_miss,0,0.789030053594027,1,false_positive
TRAIN_Q235,TRAIN_Q235__hybrid_k5,natural_retrieval_miss,0,0.7251183198097799,1,false_positive
TRAIN_Q470,TRAIN_Q470__hybrid_k5,natural_retrieval_miss,0,0.7170503435912697,1,false_positive
TRAIN_Q333,TRAIN_Q333__hybrid_k5,natural_retrieval_miss,0,0.5910230862085827,1,false_positive
TRAIN_Q444,TRAIN_Q444__hybrid_k5,natural_retrieval_miss,0,0.5581580452323389,1,false_positive
TRAIN_Q509,TRAIN_Q509__hybrid_k5,native_unanswerable,0,0.504839547757896,1,false_positive
TRAIN_Q058,TRAIN_Q058__hybrid_k5,natural_retrieval_miss,0,0.49766350411141114,1,false_positive
TRAIN_Q124,TRAIN_Q124__hybrid_k5,natural_retrieval_miss,0,0.4638073440617671,1,false_positive
TRAIN_Q474,TRAIN_Q474__hybrid_k5,native_unanswerable,0,0.4456407531680423,1,false_positive
